{"q": {"((0, 0), (1, 0))": -0.3950498039714864, "((0, 0), (0, 1))": -0.3899249534533068, "((0, 0), (-1, 0))": -0.39505794264594774, "((0, 0), (0, -1))": -0.3950917327061803, "((1, 0), (1, 0))": -0.3952152333518203, "((1, 0), (0, 1))": -0.3952132596710285, "((1, 0), (-1, 0))": -0.3952140759217265, "((1, 0), (0, -1))": -0.3953544379053572, "((2, 0), (1, 0))": -0.3947483490851556, "((2, 0), (0, 1))": -0.39473711510648, "((2, 0), (-1, 0))": -0.3947481197450886, "((2, 0), (0, -1))": -0.3949046234580985, "((3, 0), (1, 0))": -0.3947787209525637, "((3, 0), (0, 1))": -0.39462306896564103, "((3, 0), (-1, 0))": -0.3947383945328025, "((3, 0), (0, -1))": -0.3947982021818439, "((0, 1), (1, 0))": -0.3954300807587596, "((0, 1), (0, 1))": -0.39528412878704533, "((0, 1), (-1, 0))": -0.3953414645444788, "((0, 1), (0, -1))": -0.39528311611054145, "((0, 2), (1, 0))": -0.3949202148557443, "((0, 2), (0, 1))": -0.39496589064580895, "((0, 2), (-1, 0))": -0.3951604662615779, "((0, 2), (0, -1))": -0.39506513125342846, "((1, 2), (1, 0))": -0.3945000119076035, "((1, 2), (0, 1))": -0.39490094110869145, "((1, 2), (-1, 0))": -0.39490095415864634, "((1, 2), (0, -1))": -0.39462507903108107, "((2, 2), (1, 0))": -0.39365994591895015, "((2, 2), (0, 1))": -0.3937566998954235, "((2, 2), (-1, 0))": -0.3938849869580648, "((2, 2), (0, -1))": -0.39379421062497033, "((2, 1), (1, 0))": -0.39416994784345716, "((2, 1), (0, 1))": -0.39418435140662306, "((2, 1), (-1, 0))": -0.3944224757613124, "((2, 1), (0, -1))": -0.39428496048499373}, "n": {"((0, 0), (1, 0))": 7501.0, "((0, 0), (0, 1))": 402.0, "((0, 0), (-1, 0))": 1027.0, "((0, 0), (0, -1))": 775.0, "((1, 0), (1, 0))": 839.0, "((1, 0), (0, 1))": 109.0, "((1, 0), (-1, 0))": 6864.0, "((1, 0), (0, -1))": 90.0, "((2, 0), (1, 0))": 320.0, "((2, 0), (0, 1))": 511.0, "((2, 0), (-1, 0))": 41.0, "((2, 0), (0, -1))": 61.0, "((3, 0), (1, 0))": 68.0, "((3, 0), (0, 1))": 51.0, "((3, 0), (-1, 0))": 50.0, "((3, 0), (0, -1))": 61.0, "((0, 1), (1, 0))": 77.0, "((0, 1), (0, 1))": 277.0, "((0, 1), (-1, 0))": 86.0, "((0, 1), (0, -1))": 1238.0, "((0, 2), (1, 0))": 264.0, "((0, 2), (0, 1))": 74.0, "((0, 2), (-1, 0))": 67.0, "((0, 2), (0, -1))": 50.0, "((1, 2), (1, 0))": 254.0, "((1, 2), (0, 1))": 65.0, "((1, 2), (-1, 0))": 46.0, "((1, 2), (0, -1))": 66.0, "((2, 2), (1, 0))": 49.0, "((2, 2), (0, 1))": 61.0, "((2, 2), (-1, 0))": 53.0, "((2, 2), (0, -1))": 50.0, "((2, 1), (1, 0))": 52.0, "((2, 1), (0, 1))": 150.0, "((2, 1), (-1, 0))": 61.0, "((2, 1), (0, -1))": 41.0}}