{"q": {"((0, 0), (1, 0))": -0.12157056467795324, "((0, 0), (0, 1))": -0.17574375470063344, "((0, 0), (-1, 0))": -0.16910368257730998, "((0, 0), (0, -1))": -0.18435172431480837, "((1, 0), (1, 0))": -0.12822738572374887, "((1, 0), (0, 1))": -0.1748469997765719, "((1, 0), (-1, 0))": -0.17569875684222533, "((1, 0), (0, -1))": -0.17799462766984994, "((2, 0), (1, 0))": -0.09212487668182837, "((2, 0), (0, 1))": -0.15917716374843066, "((2, 0), (-1, 0))": -0.16901069323612694, "((2, 0), (0, -1))": -0.1734700666481523, "((3, 0), (1, 0))": -0.15340385689815017, "((3, 0), (0, 1))": -0.05221548766569573, "((3, 0), (-1, 0))": -0.16348328422553654, "((3, 0), (0, -1))": -0.14538647532453194, "((3, 1), None)": -1.0, "(None, (1, 0))": 0.0, "(None, (0, 1))": 0.0, "(None, (-1, 0))": 0.0, "(None, (0, -1))": 0.0, "((0, 1), (1, 0))": -0.2095461774889118, "((0, 1), (0, 1))": -0.1967635541717671, "((0, 1), (-1, 0))": -0.2070556194553119, "((0, 1), (0, -1))": -0.1522961246659975, "((0, 2), (1, 0))": -0.2021106282970543, "((0, 2), (0, 1))": -0.19484656613191384, "((0, 2), (-1, 0))": -0.19578207815289286, "((0, 2), (0, -1))": -0.21061762306657072, "((1, 2), (1, 0))": -0.11662952869630762, "((1, 2), (0, 1))": -0.13648083021336707, "((1, 2), (-1, 0))": -0.15369835746373847, "((1, 2), (0, -1))": -0.13264330988947595, "((2, 2), (1, 0))": -0.08187812089245047, "((2, 2), (0, 1))": -0.13150743786258126, "((2, 2), (-1, 0))": -0.11407462820521652, "((2, 2), (0, -1))": -0.10632152697334815, "((3, 2), None)": 1.0, "((2, 1), (1, 0))": -0.063123163966917, "((2, 1), (0, 1))": -0.12665643243527203, "((2, 1), (-1, 0))": -0.12953971401732597, "((2, 1), (0, -1))": -0.1531142017891898, "((2, 2), None)": -1.0, "((2, 3), None)": 1.0}, "n": {"((0, 0), (1, 0))": 1231.0, "((0, 0), (0, 1))": 21.0, "((0, 0), (-1, 0))": 14.0, "((0, 0), (0, -1))": 16.0, "((1, 0), (1, 0))": 1270.0, "((1, 0), (0, 1))": 10.0, "((1, 0), (-1, 0))": 14.0, "((1, 0), (0, -1))": 9.0, "((2, 0), (1, 0))": 1213.0, "((2, 0), (0, 1))": 42.0, "((2, 0), (-1, 0))": 8.0, "((2, 0), (0, -1))": 8.0, "((3, 0), (1, 0))": 9.0, "((3, 0), (0, 1))": 1076.0, "((3, 0), (-1, 0))": 7.0, "((3, 0), (0, -1))": 7.0, "((0, 1), (1, 0))": 13.0, "((0, 1), (0, 1))": 24.0, "((0, 1), (-1, 0))": 16.0, "((0, 1), (0, -1))": 135.0, "((0, 2), (1, 0))": 21.0, "((0, 2), (0, 1))": 13.0, "((0, 2), (-1, 0))": 11.0, "((0, 2), (0, -1))": 9.0, "((1, 2), (1, 0))": 24.0, "((1, 2), (0, 1))": 10.0, "((1, 2), (-1, 0))": 7.0, "((1, 2), (0, -1))": 7.0, "((2, 2), (1, 0))": 32.0, "((2, 2), (0, 1))": 10.0, "((2, 2), (-1, 0))": 8.0, "((2, 2), (0, -1))": 5.0, "((2, 1), (1, 0))": 168.0, "((2, 1), (0, 1))": 9.0, "((2, 1), (-1, 0))": 8.0, "((2, 1), (0, -1))": 6.0}}