{"q": {"((0, 0), (1, 0))": -0.10058475260719202, "((0, 0), (0, 1))": 0.4541495820600374, "((0, 0), (-1, 0))": -0.09643247540455051, "((0, 0), (0, -1))": -0.10293706293706295, "((1, 0), (1, 0))": -0.10264442493415277, "((1, 0), (0, 1))": -0.10293706293706295, "((1, 0), (-1, 0))": 0.32612395379821446, "((1, 0), (0, -1))": -0.10432135876953312, "((2, 0), (1, 0))": -0.04, "((2, 0), (0, 1))": 0.20800052629057175, "((2, 0), (-1, 0))": 0.0, "((2, 0), (0, -1))": 0.0, "((3, 0), (1, 0))": -0.10000000000000009, "((3, 0), (0, 1))": -1.0, "((3, 0), (-1, 0))": 0.0, "((3, 0), (0, -1))": 0.0, "((0, 1), (1, 0))": -0.11255050224005272, "((0, 1), (0, 1))": 0.5410831565172022, "((0, 1), (-1, 0))": -0.10857384381741816, "((0, 1), (0, -1))": -0.09635484307943448, "((0, 2), (1, 0))": 0.6361697646322503, "((0, 2), (0, 1))": -0.09899572400523633, "((0, 2), (-1, 0))": -0.08184062649151397, "((0, 2), (0, -1))": -0.09484932868146899, "((1, 2), (1, 0))": 0.8042481349336813, "((1, 2), (0, 1))": -0.047011550372717786, "((1, 2), (-1, 0))": -0.05391065259672535, "((1, 2), (0, -1))": -0.04595792762282441, "((2, 2), (1, 0))": -0.030122116689280873, "((2, 2), (0, 1))": 1.0, "((2, 2), (-1, 0))": -0.017446870985376464, "((2, 2), (0, -1))": 0.009983176197990828, "((2, 1), (1, 0))": -0.039084736882763996, "((2, 1), (0, 1))": 0.0, "((2, 1), (-1, 0))": 0.0, "((2, 1), (0, -1))": 0.0}, "n": {"((0, 0), (1, 0))": 9.0, "((0, 0), (0, 1))": 269.0, "((0, 0), (-1, 0))": 8.0, "((0, 0), (0, -1))": 7.0, "((1, 0), (1, 0))": 11.0, "((1, 0), (0, 1))": 7.0, "((1, 0), (-1, 0))": 44.0, "((1, 0), (0, -1))": 8.0, "((2, 0), (1, 0))": 5.0, "((2, 0), (0, 1))": 4.0, "((2, 0), (-1, 0))": 0.0, "((2, 0), (0, -1))": 0.0, "((3, 0), (1, 0))": 5.0, "((3, 0), (0, 1))": 0.0, "((3, 0), (-1, 0))": 0.0, "((3, 0), (0, -1))": 0.0, "((0, 1), (1, 0))": 15.0, "((0, 1), (0, 1))": 302.0, "((0, 1), (-1, 0))": 16.0, "((0, 1), (0, -1))": 19.0, "((0, 2), (1, 0))": 268.0, "((0, 2), (0, 1))": 18.0, "((0, 2), (-1, 0))": 18.0, "((0, 2), (0, -1))": 31.0, "((1, 2), (1, 0))": 444.0, "((1, 2), (0, 1))": 17.0, "((1, 2), (-1, 0))": 24.0, "((1, 2), (0, -1))": 35.0, "((2, 2), (1, 0))": 8.0, "((2, 2), (0, 1))": 1238.0, "((2, 2), (-1, 0))": 19.0, "((2, 2), (0, -1))": 6.0, "((2, 1), (1, 0))": 4.0, "((2, 1), (0, 1))": 0.0, "((2, 1), (-1, 0))": 0.0, "((2, 1), (0, -1))": 0.0}}