{"q": {"((0, 0), (1, 0))": -0.1186520426804209, "((0, 0), (0, 1))": -0.1878949373466704, "((0, 0), (-1, 0))": -0.16688160181231906, "((0, 0), (0, -1))": -0.17374882266842268, "((1, 0), (1, 0))": -0.11644991251176307, "((1, 0), (0, 1))": -0.15340385689815017, "((1, 0), (-1, 0))": -0.1622061894736824, "((1, 0), (0, -1))": -0.1549758173939686, "((2, 0), (1, 0))": -0.07822592790724747, "((2, 0), (0, 1))": -0.1280300531314687, "((2, 0), (-1, 0))": -0.15560684327147692, "((2, 0), (0, -1))": -0.15213424401791836, "((2, 1), (1, 0))": -0.04035035071419762, "((2, 1), (0, 1))": -0.10735226361579553, "((2, 1), (-1, 0))": -0.10808888607392853, "((2, 1), (0, -1))": -0.12307919650800742, "((3, 1), None)": -1.0, "(None, (1, 0))": 0.0, "(None, (0, 1))": 0.0, "(None, (-1, 0))": 0.0, "(None, (0, -1))": 0.0, "((3, 0), (1, 0))": -0.10293706293706295, "((3, 0), (0, 1))": -0.04028807329476381, "((3, 0), (-1, 0))": -0.12849232398329194, "((3, 0), (0, -1))": -0.12524794851528995, "((0, 1), (1, 0))": -0.1925547133942466, "((0, 1), (0, 1))": -0.19301915929006735, "((0, 1), (-1, 0))": -0.19587324333319828, "((0, 1), (0, -1))": -0.15706212797985414, "((0, 2), (1, 0))": -0.1300339269367577, "((0, 2), (0, 1))": -0.15340385689815017, "((0, 2), (-1, 0))": -0.17420880839165742, "((0, 2), (0, -1))": -0.16044563671810064, "((1, 2), (1, 0))": -0.12576098342243505, "((1, 2), (0, 1))": -0.1363509639361881, "((1, 2), (-1, 0))": -0.13264335664335664, "((1, 2), (0, -1))": -0.10927905853737055, "((2, 2), (1, 0))": -0.11297053510273163, "((2, 2), (0, 1))": -0.046575514038200615, "((2, 2), (-1, 0))": -0.12749396018865036, "((2, 2), (0, -1))": -0.10391640604496544, "((3, 2), None)": 1.0, "((2, 0), None)": -1.0, "((2, 2), None)": -1.0, "((2, 3), None)": 1.0}, "n": {"((0, 0), (1, 0))": 122.0, "((0, 0), (0, 1))": 28.0, "((0, 0), (-1, 0))": 11.0, "((0, 0), (0, -1))": 13.0, "((1, 0), (1, 0))": 116.0, "((1, 0), (0, 1))": 9.0, "((1, 0), (-1, 0))": 8.0, "((1, 0), (0, -1))": 8.0, "((2, 0), (1, 0))": 111.0, "((2, 0), (0, 1))": 12.0, "((2, 0), (-1, 0))": 7.0, "((2, 0), (0, -1))": 7.0, "((2, 1), (1, 0))": 15.0, "((2, 1), (0, 1))": 15.0, "((2, 1), (-1, 0))": 6.0, "((2, 1), (0, -1))": 6.0, "((3, 0), (1, 0))": 7.0, "((3, 0), (0, 1))": 83.0, "((3, 0), (-1, 0))": 6.0, "((3, 0), (0, -1))": 6.0, "((0, 1), (1, 0))": 10.0, "((0, 1), (0, 1))": 17.0, "((0, 1), (-1, 0))": 14.0, "((0, 1), (0, -1))": 24.0, "((0, 2), (1, 0))": 18.0, "((0, 2), (0, 1))": 9.0, "((0, 2), (-1, 0))": 9.0, "((0, 2), (0, -1))": 7.0, "((1, 2), (1, 0))": 20.0, "((1, 2), (0, 1))": 8.0, "((1, 2), (-1, 0))": 7.0, "((1, 2), (0, -1))": 7.0, "((2, 2), (1, 0))": 24.0, "((2, 2), (0, 1))": 8.0, "((2, 2), (-1, 0))": 7.0, "((2, 2), (0, -1))": 5.0}}