{"q": {"0,0:1,0": -0.24557258673810647, "0,0:0,1": -0.27209122626547766, "0,0:-1,0": -0.26605055294128643, "0,0:0,-1": -0.2673183730351286, "1,0:1,0": -0.2700584130586598, "1,0:0,1": -0.27241507506389717, "1,0:-1,0": -0.27238653457768963, "1,0:0,-1": -0.274036777341852, "2,0:1,0": -0.26283387436259587, "2,0:0,1": -0.25734018509279377, "2,0:-1,0": -0.2690085599295642, "2,0:0,-1": -0.2648252504267991, "3,0:1,0": -0.2659573261859197, "3,0:0,1": -0.25842960529909836, "3,0:-1,0": -0.27203391892282125, "3,0:0,-1": -0.26111114970447197, "0,1:1,0": -0.279941028302906, "0,1:0,1": -0.27103463675152056, "0,1:-1,0": -0.277458851070138, "0,1:0,-1": -0.27344645037009496, "0,2:1,0": -0.2487491804328442, "0,2:0,1": -0.2610670284181272, "0,2:-1,0": -0.26715206550022774, "0,2:0,-1": -0.26641501466651296, "1,2:1,0": -0.228095466745147, "1,2:0,1": -0.22517648630085232, "1,2:-1,0": -0.24927766547447952, "1,2:0,-1": -0.23477177467041715, "2,2:1,0": -0.2139041314172945, "2,2:0,1": -0.22724679258510952, "2,2:-1,0": -0.21538132490670542, "2,2:0,-1": -0.21884704732152419, "2,1:1,0": -0.24317063916332882, "2,1:0,1": -0.2324149517384896, "2,1:-1,0": -0.23756397072684213, "2,1:0,-1": -0.23732387034021074}, "n": {"0,0:1,0": 114.0, "0,0:0,1": 72.0, "0,0:-1,0": 35.0, "0,0:0,-1": 22.0, "1,0:1,0": 126.0, "1,0:0,1": 19.0, "1,0:-1,0": 25.0, "1,0:0,-1": 17.0, "2,0:1,0": 42.0, "2,0:0,1": 93.0, "2,0:-1,0": 17.0, "2,0:0,-1": 14.0, "3,0:1,0": 16.0, "3,0:0,1": 13.0, "3,0:-1,0": 13.0, "3,0:0,-1": 13.0, "0,1:1,0": 20.0, "0,1:0,1": 73.0, "0,1:-1,0": 16.0, "0,1:0,-1": 29.0, "0,2:1,0": 69.0, "0,2:0,1": 22.0, "0,2:-1,0": 15.0, "0,2:0,-1": 13.0, "1,2:1,0": 56.0, "1,2:0,1": 11.0, "1,2:-1,0": 11.0, "1,2:0,-1": 12.0, "2,2:1,0": 12.0, "2,2:0,1": 13.0, "2,2:-1,0": 10.0, "2,2:0,-1": 10.0, "2,1:1,0": 10.0, "2,1:0,1": 39.0, "2,1:-1,0": 15.0, "2,1:0,-1": 8.0}}