{"q": {"((0, 0), (1, 0))": -1.8087183539622724, "((0, 0), (0, 1))": -1.0, "((0, 0), (-1, 0))": -1.0, "((0, 0), (0, -1))": -1.7342657342657342, "((1, 0), (1, 0))": -1.857142857142857, "((1, 0), (0, 1))": -1.857142857142857, "((1, 0), (-1, 0))": -1.7803016492514496, "((1, 0), (0, -1))": -1.8852459016393441, "((1, 1), (1, 0))": -1.0, "((1, 1), (0, 1))": -1.0, "((1, 1), (-1, 0))": -1.0, "((1, 1), (0, -1))": -1.8852459016393441, "((1, 2), (1, 0))": -1.0, "((1, 2), (0, 1))": -1.0, "((1, 2), (-1, 0))": 0.0, "((1, 2), (0, -1))": -1.0, "((0, 1), (1, 0))": -1.0, "((0, 1), (0, 1))": -1.0, "((0, 1), (-1, 0))": 0.0, "((0, 1), (0, -1))": -1.884777765255611, "((0, 2), (1, 0))": -1.0, "((0, 2), (0, 1))": -1.0, "((0, 2), (-1, 0))": 0.0, "((0, 2), (0, -1))": 0.0, "((0, 3), (1, 0))": -1.0, "((0, 3), (0, 1))": -1.0, "((0, 3), (-1, 0))": 0.0, "((0, 3), (0, -1))": 0.0, "((0, 4), (1, 0))": 0.0, "((0, 4), (0, 1))": -1.0, "((0, 4), (-1, 0))": 0.0, "((0, 4), (0, -1))": -1.0, "((0, 5), (1, 0))": -1.0, "((0, 5), (0, 1))": -1.0, "((0, 5), (-1, 0))": -1.0, "((0, 5), (0, -1))": 0.0, "((1, 5), (1, 0))": 0.0, "((1, 5), (0, 1))": -1.0, "((1, 5), (-1, 0))": -1.0, "((1, 5), (0, -1))": -1.0, "((1, 6), (1, 0))": 0.0, "((1, 6), (0, 1))": 0.0, "((1, 6), (-1, 0))": -1.0, "((1, 6), (0, -1))": -1.0, "((0, 6), (1, 0))": -1.0, "((0, 6), (0, 1))": 0.0, "((0, 6), (-1, 0))": 0.0, "((0, 6), (0, -1))": -1.0, "((1, 4), (1, 0))": 0.0, "((1, 4), (0, 1))": 0.0, "((1, 4), (-1, 0))": -1.0, "((1, 4), (0, -1))": -1.0, "((1, 3), (1, 0))": -1.0, "((1, 3), (0, 1))": -1.0, "((1, 3), (-1, 0))": 0.0, "((1, 3), (0, -1))": -1.0, "((2, 2), (1, 0))": -1.0, "((2, 2), (0, 1))": -1.0, "((2, 2), (-1, 0))": -1.0, "((2, 2), (0, -1))": 0.0, "((3, 2), (1, 0))": 0.0, "((3, 2), (0, 1))": -1.0, "((3, 2), (-1, 0))": 0.0, "((3, 2), (0, -1))": 0.0, "((3, 3), (1, 0))": 10000.0, "((3, 3), (0, 1))": 0.0, "((3, 3), (-1, 0))": 10000.0, "((3, 3), (0, -1))": 0.0, "((2, 0), (1, 0))": -1.0, "((2, 0), (0, 1))": -1.0, "((2, 0), (-1, 0))": -1.9, "((2, 0), (0, -1))": -1.0, "((2, 1), (1, 0))": -1.0, "((2, 1), (0, 1))": -1.0, "((2, 1), (-1, 0))": 0.0, "((2, 1), (0, -1))": -1.9, "((3, 1), (1, 0))": -1.0, "((3, 1), (0, 1))": 0.0, "((3, 1), (-1, 0))": 0.0, "((3, 1), (0, -1))": 144.98113415791687, "((4, 1), (1, 0))": -1.0, "((4, 1), (0, 1))": 0.0, "((4, 1), (-1, 0))": 0.0, "((4, 1), (0, -1))": 0.0, "((5, 1), (1, 0))": -1.0, "((5, 1), (0, 1))": 0.0, "((5, 1), (-1, 0))": 0.0, "((5, 1), (0, -1))": 0.0, "((6, 1), (1, 0))": -1.0, "((6, 1), (0, 1))": 0.0, "((6, 1), (-1, 0))": -1.0, "((6, 1), (0, -1))": -1.0, "((7, 1), (1, 0))": 0.0, "((7, 1), (0, 1))": 0.0, "((7, 1), (-1, 0))": -1.0, "((7, 1), (0, -1))": 0.0, "((6, 0), (1, 0))": 0.0, "((6, 0), (0, 1))": 0.0, "((6, 0), (-1, 0))": 162.9086873975957, "((6, 0), (0, -1))": 0.0, "((3, 0), (1, 0))": 466.74383881020003, "((3, 0), (0, 1))": 0.0, "((3, 0), (-1, 0))": 0.0, "((3, 0), (0, -1))": 0.0, "((2, 3), (1, 0))": 8999.0, "((2, 3), (0, 1))": 0.0, "((2, 3), (-1, 0))": 0.0, "((2, 3), (0, -1))": -1.0}, "n": {"((0, 0), (1, 0))": 7.0, "((0, 0), (0, 1))": 3.0, "((0, 0), (-1, 0))": 5.0, "((0, 0), (0, -1))": 7.0, "((1, 0), (1, 0))": 4.0, "((1, 0), (0, 1))": 4.0, "((1, 0), (-1, 0))": 3.0, "((1, 0), (0, -1))": 2.0, "((1, 1), (1, 0))": 2.0, "((1, 1), (0, 1))": 1.0, "((1, 1), (-1, 0))": 2.0, "((1, 1), (0, -1))": 2.0, "((1, 2), (1, 0))": 2.0, "((1, 2), (0, 1))": 1.0, "((1, 2), (-1, 0))": 0.0, "((1, 2), (0, -1))": 2.0, "((0, 1), (1, 0))": 1.0, "((0, 1), (0, 1))": 2.0, "((0, 1), (-1, 0))": 0.0, "((0, 1), (0, -1))": 2.0, "((0, 2), (1, 0))": 1.0, "((0, 2), (0, 1))": 1.0, "((0, 2), (-1, 0))": 0.0, "((0, 2), (0, -1))": 0.0, "((0, 3), (1, 0))": 1.0, "((0, 3), (0, 1))": 1.0, "((0, 3), (-1, 0))": 0.0, "((0, 3), (0, -1))": 0.0, "((0, 4), (1, 0))": 0.0, "((0, 4), (0, 1))": 1.0, "((0, 4), (-1, 0))": 0.0, "((0, 4), (0, -1))": 1.0, "((0, 5), (1, 0))": 3.0, "((0, 5), (0, 1))": 1.0, "((0, 5), (-1, 0))": 2.0, "((0, 5), (0, -1))": 0.0, "((1, 5), (1, 0))": 0.0, "((1, 5), (0, 1))": 1.0, "((1, 5), (-1, 0))": 2.0, "((1, 5), (0, -1))": 1.0, "((1, 6), (1, 0))": 0.0, "((1, 6), (0, 1))": 0.0, "((1, 6), (-1, 0))": 1.0, "((1, 6), (0, -1))": 1.0, "((0, 6), (1, 0))": 1.0, "((0, 6), (0, 1))": 0.0, "((0, 6), (-1, 0))": 0.0, "((0, 6), (0, -1))": 1.0, "((1, 4), (1, 0))": 0.0, "((1, 4), (0, 1))": 0.0, "((1, 4), (-1, 0))": 1.0, "((1, 4), (0, -1))": 1.0, "((1, 3), (1, 0))": 1.0, "((1, 3), (0, 1))": 1.0, "((1, 3), (-1, 0))": 0.0, "((1, 3), (0, -1))": 1.0, "((2, 2), (1, 0))": 1.0, "((2, 2), (0, 1))": 1.0, "((2, 2), (-1, 0))": 2.0, "((2, 2), (0, -1))": 0.0, "((3, 2), (1, 0))": 0.0, "((3, 2), (0, 1))": 1.0, "((3, 2), (-1, 0))": 0.0, "((3, 2), (0, -1))": 0.0, "((3, 3), (1, 0))": 1.0, "((3, 3), (0, 1))": 0.0, "((3, 3), (-1, 0))": 1.0, "((3, 3), (0, -1))": 0.0, "((2, 0), (1, 0))": 1.0, "((2, 0), (0, 1))": 2.0, "((2, 0), (-1, 0))": 2.0, "((2, 0), (0, -1))": 2.0, "((2, 1), (1, 0))": 2.0, "((2, 1), (0, 1))": 1.0, "((2, 1), (-1, 0))": 0.0, "((2, 1), (0, -1))": 1.0, "((3, 1), (1, 0))": 1.0, "((3, 1), (0, 1))": 0.0, "((3, 1), (-1, 0))": 0.0, "((3, 1), (0, -1))": 1.0, "((4, 1), (1, 0))": 1.0, "((4, 1), (0, 1))": 0.0, "((4, 1), (-1, 0))": 0.0, "((4, 1), (0, -1))": 0.0, "((5, 1), (1, 0))": 2.0, "((5, 1), (0, 1))": 0.0, "((5, 1), (-1, 0))": 0.0, "((5, 1), (0, -1))": 0.0, "((6, 1), (1, 0))": 1.0, "((6, 1), (0, 1))": 0.0, "((6, 1), (-1, 0))": 1.0, "((6, 1), (0, -1))": 1.0, "((7, 1), (1, 0))": 0.0, "((7, 1), (0, 1))": 0.0, "((7, 1), (-1, 0))": 1.0, "((7, 1), (0, -1))": 0.0, "((6, 0), (1, 0))": 0.0, "((6, 0), (0, 1))": 0.0, "((6, 0), (-1, 0))": 2.0, "((6, 0), (0, -1))": 0.0, "((3, 0), (1, 0))": 4.0, "((3, 0), (0, 1))": 0.0, "((3, 0), (-1, 0))": 0.0, "((3, 0), (0, -1))": 0.0, "((2, 3), (1, 0))": 1.0, "((2, 3), (0, 1))": 0.0, "((2, 3), (-1, 0))": 0.0, "((2, 3), (0, -1))": 1.0}, "r": {"(0, 0)": [0, -1], "(1, 0)": [-1], "(1, 1)": [-1], "(1, 2)": [-1], "(0, 1)": [-1], "(0, 2)": [-1], "(0, 3)": [-1], "(0, 4)": [-1], "(0, 5)": [-1], "(1, 5)": [-1], "(1, 6)": [-1], "(0, 6)": [-1], "(1, 4)": [-1], "(1, 3)": [-1], "(2, 2)": [-1], "(3, 2)": [-1], "(3, 3)": [-1], "None": [10000], "(2, 0)": [-1], "(2, 1)": [-1], "(3, 1)": [-1], "(4, 1)": [-1], "(5, 1)": [-1], "(6, 1)": [-1], "(7, 1)": [-1], "(6, 0)": [-1], "(3, 0)": [-1], "(2, 3)": [-1]}}