{"q": {"((0, 0), (1, 0))": 0.0, "((0, 0), (0, 1))": 0.7851083864583362, "((0, 0), (-1, 0))": 0.024783626968849677, "((0, 0), (0, -1))": -0.017028543254089118, "((0, 1), (1, 0))": -0.04, "((0, 1), (0, 1))": 0.9086153368293852, "((0, 1), (-1, 0))": 0.10922283011163589, "((0, 1), (0, -1))": 0.06629568274372442, "((0, 2), (1, 0))": 1.0466989339832196, "((0, 2), (0, 1))": 0.1640343973958734, "((0, 2), (-1, 0))": 0.14795620315336888, "((0, 2), (0, -1))": 0.13432202979571398, "((1, 2), (1, 0))": 1.222824805325269, "((1, 2), (0, 1))": 0.17470703493540163, "((1, 2), (-1, 0))": 0.17311565009204, "((1, 2), (0, -1))": 0.178192992455532, "((2, 2), (1, 0))": 1.5897212379118915, "((2, 2), (0, 1))": 0.7763244358761281, "((2, 2), (-1, 0))": 0.7698763416018712, "((2, 2), (0, -1))": -0.039905567726826324, "((1, 0), (1, 0))": -0.04, "((1, 0), (0, 1))": -0.04, "((1, 0), (-1, 0))": 0.6406484123246361, "((1, 0), (0, -1))": 0.516443683450418, "((2, 0), (1, 0))": -0.04, "((2, 0), (0, 1))": 1.5939282316438823, "((2, 0), (-1, 0))": 1.6647299960275, "((2, 0), (0, -1))": 0.0, "((3, 0), (1, 0))": -0.9775, "((3, 0), (0, 1))": -1.9836065573770492, "((3, 0), (-1, 0))": 0.0, "((3, 0), (0, -1))": 0.0, "((2, 1), (1, 0))": -4.841229445241873, "((2, 1), (0, 1))": 1.254617901558485, "((2, 1), (-1, 0))": 0.9792208133098657, "((2, 1), (0, -1))": 0.456894070492498}, "n": {"((0, 0), (1, 0))": 5.0, "((0, 0), (0, 1))": 387.0, "((0, 0), (-1, 0))": 23.0, "((0, 0), (0, -1))": 10.0, "((0, 1), (1, 0))": 5.0, "((0, 1), (0, 1))": 443.0, "((0, 1), (-1, 0))": 32.0, "((0, 1), (0, -1))": 15.0, "((0, 2), (1, 0))": 387.0, "((0, 2), (0, 1))": 8.0, "((0, 2), (-1, 0))": 16.0, "((0, 2), (0, -1))": 16.0, "((1, 2), (1, 0))": 374.0, "((1, 2), (0, 1))": 21.0, "((1, 2), (-1, 0))": 13.0, "((1, 2), (0, -1))": 11.0, "((2, 2), (1, 0))": 567.0, "((2, 2), (0, 1))": 6.0, "((2, 2), (-1, 0))": 5.0, "((2, 2), (0, -1))": 5.0, "((1, 0), (1, 0))": 5.0, "((1, 0), (0, 1))": 5.0, "((1, 0), (-1, 0))": 48.0, "((1, 0), (0, -1))": 15.0, "((2, 0), (1, 0))": 5.0, "((2, 0), (0, 1))": 5.0, "((2, 0), (-1, 0))": 2.0, "((2, 0), (0, -1))": 0.0, "((3, 0), (1, 0))": 5.0, "((3, 0), (0, 1))": 2.0, "((3, 0), (-1, 0))": 0.0, "((3, 0), (0, -1))": 0.0, "((2, 1), (1, 0))": 5.0, "((2, 1), (0, 1))": 50.0, "((2, 1), (-1, 0))": 10.0, "((2, 1), (0, -1))": 5.0}, "r": {"(0, 0)": [0, -0.04], "(0, 1)": [-0.04], "(0, 2)": [-0.04], "(1, 2)": [-0.04], "(2, 2)": [-0.04], "None": [1.0, -1.0], "(1, 0)": [-0.04], "(2, 0)": [-0.04], "(3, 0)": [-0.04], "(2, 1)": [-0.04]}}