{"q": {"((0, 0), (1, 0))": 0.0, "((0, 0), (0, 1))": 8.43838632836121, "((0, 0), (-1, 0))": 0.024783626968849677, "((0, 0), (0, -1))": -0.017028543254089118, "((0, 1), (1, 0))": -0.04, "((0, 1), (0, 1))": 9.643323671964124, "((0, 1), (-1, 0))": 0.10922283011163589, "((0, 1), (0, -1))": 0.06629568274372442, "((0, 2), (1, 0))": 10.65022083329859, "((0, 2), (0, 1))": 0.1640343973958734, "((0, 2), (-1, 0))": 0.14795620315336888, "((0, 2), (0, -1))": 0.13432202979571398, "((1, 2), (1, 0))": 12.143599018762837, "((1, 2), (0, 1))": 0.17470703493540163, "((1, 2), (-1, 0))": 0.17311565009204, "((1, 2), (0, -1))": 0.178192992455532, "((2, 2), (1, 0))": 14.388462705049491, "((2, 2), (0, 1))": 0.7763244358761281, "((2, 2), (-1, 0))": 0.7698763416018712, "((2, 2), (0, -1))": -0.039905567726826324, "((1, 0), (1, 0))": -0.04, "((1, 0), (0, 1))": -0.04, "((1, 0), (-1, 0))": 4.203007948019712, "((1, 0), (0, -1))": 1.5815950305145907, "((2, 0), (1, 0))": -0.04, "((2, 0), (0, 1))": 1.5939282316438823, "((2, 0), (-1, 0))": 1.6647299960275, "((2, 0), (0, -1))": 0.0, "((3, 0), (1, 0))": -0.9775, "((3, 0), (0, 1))": -1.9836065573770492, "((3, 0), (-1, 0))": 0.0, "((3, 0), (0, -1))": 0.0, "((2, 1), (1, 0))": -4.841229445241873, "((2, 1), (0, 1))": 9.6248298442759, "((2, 1), (-1, 0))": 1.5939308032405484, "((2, 1), (0, -1))": 0.456894070492498}, "n": {"((0, 0), (1, 0))": 5.0, "((0, 0), (0, 1))": 132.0, "((0, 0), (-1, 0))": 23.0, "((0, 0), (0, -1))": 10.0, "((0, 1), (1, 0))": 5.0, "((0, 1), (0, 1))": 149.0, "((0, 1), (-1, 0))": 32.0, "((0, 1), (0, -1))": 15.0, "((0, 2), (1, 0))": 122.0, "((0, 2), (0, 1))": 8.0, "((0, 2), (-1, 0))": 16.0, "((0, 2), (0, -1))": 16.0, "((1, 2), (1, 0))": 122.0, "((1, 2), (0, 1))": 21.0, "((1, 2), (-1, 0))": 13.0, "((1, 2), (0, -1))": 11.0, "((2, 2), (1, 0))": 111.0, "((2, 2), (0, 1))": 6.0, "((2, 2), (-1, 0))": 5.0, "((2, 2), (0, -1))": 5.0, "((1, 0), (1, 0))": 5.0, "((1, 0), (0, 1))": 5.0, "((1, 0), (-1, 0))": 9.0, "((1, 0), (0, -1))": 6.0, "((2, 0), (1, 0))": 5.0, "((2, 0), (0, 1))": 5.0, "((2, 0), (-1, 0))": 2.0, "((2, 0), (0, -1))": 0.0, "((3, 0), (1, 0))": 5.0, "((3, 0), (0, 1))": 2.0, "((3, 0), (-1, 0))": 0.0, "((3, 0), (0, -1))": 0.0, "((2, 1), (1, 0))": 5.0, "((2, 1), (0, 1))": 11.0, "((2, 1), (-1, 0))": 5.0, "((2, 1), (0, -1))": 5.0}, "r": {"(0, 0)": [0, -0.04], "(0, 1)": [-0.04], "(0, 2)": [-0.04], "(1, 2)": [-0.04], "(2, 2)": [-0.04], "None": [1.0, -1.0], "(1, 0)": [-0.04], "(2, 0)": [-0.04], "(3, 0)": [-0.04], "(2, 1)": [-0.04]}}