{"q": {"((0, 0), (1, 0))": -0.22321196964212447, "((0, 0), (0, 1))": 0.6572558577800003, "((0, 0), (-1, 0))": -0.22854111359244542, "((0, 0), (0, -1))": -0.2179846862063728, "((1, 0), (1, 0))": -0.24139567522300792, "((1, 0), (0, 1))": -0.24463477081522655, "((1, 0), (-1, 0))": 0.44400277010353384, "((1, 0), (0, -1))": -0.24754617127728556, "((2, 0), (1, 0))": -0.2168576642008938, "((2, 0), (0, 1))": -0.1287035824048364, "((2, 0), (-1, 0))": -0.2312025795579276, "((2, 0), (0, -1))": -0.21798832546593477, "((3, 0), (1, 0))": -0.215387941781088, "((3, 0), (0, 1))": -0.24961837330073722, "((3, 0), (-1, 0))": -0.30451771239360936, "((3, 0), (0, -1))": -0.2180145644522291, "((0, 1), (1, 0))": -0.20293734316230924, "((0, 1), (0, 1))": 0.7799959208238332, "((0, 1), (-1, 0))": -0.215387941781088, "((0, 1), (0, -1))": -0.2159294431851508, "((0, 2), (1, 0))": 0.9489088651441309, "((0, 2), (0, 1))": -0.17823866432075391, "((0, 2), (-1, 0))": -0.1812385907985621, "((0, 2), (0, -1))": -0.19490967331117195, "((1, 2), (1, 0))": 1.143671195750804, "((1, 2), (0, 1))": -0.12636713019850174, "((1, 2), (-1, 0))": -0.13262057525780013, "((1, 2), (0, -1))": -0.1318714778350378, "((2, 2), (1, 0))": 1.5021137522442178, "((2, 2), (0, 1))": -0.10830509662527112, "((2, 2), (-1, 0))": -0.125360742837411, "((2, 2), (0, -1))": -0.1290650459388884, "((2, 1), (1, 0))": -0.24389389289594765, "((2, 1), (0, 1))": 0.8897542058190631, "((2, 1), (-1, 0))": -0.21597522026855717, "((2, 1), (0, -1))": -0.21849253809086952}, "n": {"((0, 0), (1, 0))": 23.0, "((0, 0), (0, 1))": 240.0, "((0, 0), (-1, 0))": 17.0, "((0, 0), (0, -1))": 16.0, "((1, 0), (1, 0))": 18.0, "((1, 0), (0, 1))": 12.0, "((1, 0), (-1, 0))": 45.0, "((1, 0), (0, -1))": 11.0, "((2, 0), (1, 0))": 11.0, "((2, 0), (0, 1))": 13.0, "((2, 0), (-1, 0))": 6.0, "((2, 0), (0, -1))": 8.0, "((3, 0), (1, 0))": 10.0, "((3, 0), (0, 1))": 8.0, "((3, 0), (-1, 0))": 13.0, "((3, 0), (0, -1))": 9.0, "((0, 1), (1, 0))": 9.0, "((0, 1), (0, 1))": 267.0, "((0, 1), (-1, 0))": 10.0, "((0, 1), (0, -1))": 7.0, "((0, 2), (1, 0))": 231.0, "((0, 2), (0, 1))": 8.0, "((0, 2), (-1, 0))": 7.0, "((0, 2), (0, -1))": 6.0, "((1, 2), (1, 0))": 238.0, "((1, 2), (0, 1))": 7.0, "((1, 2), (-1, 0))": 5.0, "((1, 2), (0, -1))": 6.0, "((2, 2), (1, 0))": 431.0, "((2, 2), (0, 1))": 6.0, "((2, 2), (-1, 0))": 5.0, "((2, 2), (0, -1))": 4.0, "((2, 1), (1, 0))": 8.0, "((2, 1), (0, 1))": 36.0, "((2, 1), (-1, 0))": 10.0, "((2, 1), (0, -1))": 8.0}, "r": {"(0, 0)": [0, -0.04], "(1, 0)": [-0.04], "(2, 0)": [-0.04], "(3, 0)": [-0.04], "None": [1.0, -1.0], "(0, 1)": [-0.04], "(0, 2)": [-0.04], "(1, 2)": [-0.04], "(2, 2)": [-0.04], "(2, 1)": [-0.04]}}