{"q": {"((0, 0), (1, 0))": -0.226901012670557, "((0, 0), (0, 1))": 0.6217702239543922, "((0, 0), (-1, 0))": -0.2196330058216326, "((0, 0), (0, -1))": -0.21951975814936167, "((0, 1), (1, 0))": -0.19652159776214895, "((0, 1), (0, 1))": 0.7546498563002251, "((0, 1), (-1, 0))": -0.2134195471499278, "((0, 1), (0, -1))": -0.21523773671524474, "((0, 2), (1, 0))": 0.9412564640099046, "((0, 2), (0, 1))": -0.18077058583933256, "((0, 2), (-1, 0))": -0.18124425484321302, "((0, 2), (0, -1))": -0.19115695801030091, "((1, 2), (1, 0))": 1.131664857564447, "((1, 2), (0, 1))": -0.1563719142811352, "((1, 2), (-1, 0))": -0.13297391577222356, "((1, 2), (0, -1))": -0.13225749587522945, "((1, 0), (1, 0))": 0.5505036967937187, "((1, 0), (0, 1))": -0.21613328485870595, "((1, 0), (-1, 0))": -0.226923364443787, "((1, 0), (0, -1))": -0.2180145644522291, "((2, 0), (1, 0))": -0.1994744542852044, "((2, 0), (0, 1))": 0.773399121422527, "((2, 0), (-1, 0))": -0.2185303299658526, "((2, 0), (0, -1))": -0.215387941781088, "((3, 0), (1, 0))": -0.2928051441881375, "((3, 0), (0, 1))": -0.22564918044108528, "((3, 0), (-1, 0))": -0.030122827259271096, "((3, 0), (0, -1))": -0.19969943874132612, "((2, 2), (1, 0))": 1.447818166575672, "((2, 2), (0, 1))": -0.10682178741406664, "((2, 2), (-1, 0))": -0.13359603468687517, "((2, 2), (0, -1))": -0.13254773033554532, "((2, 1), (1, 0))": -0.3021428519011585, "((2, 1), (0, 1))": 1.0468974462652743, "((2, 1), (-1, 0))": -0.19997297009599038, "((2, 1), (0, -1))": -0.2706023406261777}, "n": {"((0, 0), (1, 0))": 26.0, "((0, 0), (0, 1))": 224.0, "((0, 0), (-1, 0))": 15.0, "((0, 0), (0, -1))": 13.0, "((0, 1), (1, 0))": 8.0, "((0, 1), (0, 1))": 251.0, "((0, 1), (-1, 0))": 9.0, "((0, 1), (0, -1))": 9.0, "((0, 2), (1, 0))": 232.0, "((0, 2), (0, 1))": 7.0, "((0, 2), (-1, 0))": 7.0, "((0, 2), (0, -1))": 7.0, "((1, 2), (1, 0))": 217.0, "((1, 2), (0, 1))": 7.0, "((1, 2), (-1, 0))": 6.0, "((1, 2), (0, -1))": 6.0, "((1, 0), (1, 0))": 41.0, "((1, 0), (0, 1))": 11.0, "((1, 0), (-1, 0))": 11.0, "((1, 0), (0, -1))": 9.0, "((2, 0), (1, 0))": 9.0, "((2, 0), (0, 1))": 32.0, "((2, 0), (-1, 0))": 7.0, "((2, 0), (0, -1))": 10.0, "((3, 0), (1, 0))": 8.0, "((3, 0), (0, 1))": 6.0, "((3, 0), (-1, 0))": 10.0, "((3, 0), (0, -1))": 8.0, "((2, 2), (1, 0))": 415.0, "((2, 2), (0, 1))": 3.0, "((2, 2), (-1, 0))": 3.0, "((2, 2), (0, -1))": 3.0, "((2, 1), (1, 0))": 7.0, "((2, 1), (0, 1))": 52.0, "((2, 1), (-1, 0))": 9.0, "((2, 1), (0, -1))": 8.0}, "r": {"(0, 0)": [0, -0.04], "(0, 1)": [-0.04], "(0, 2)": [-0.04], "(1, 2)": [-0.04], "(1, 0)": [-0.04], "(2, 0)": [-0.04], "(3, 0)": [-0.04], "None": [1.0, -1.0], "(2, 2)": [-0.04], "(2, 1)": [-0.04]}}