{"q": {"((0, 0), (1, 0))": -0.10170577348345766, "((0, 0), (0, 1))": 6.69029581577936, "((0, 0), (-1, 0))": -0.10580645161290324, "((0, 0), (0, -1))": -0.10580645161290324, "((1, 0), (1, 0))": -0.10386538461538464, "((1, 0), (0, 1))": -0.10266929929740246, "((1, 0), (-1, 0))": 5.664549654853087, "((1, 0), (0, -1))": -0.07540983606557378, "((2, 0), (1, 0))": -0.04, "((2, 0), (0, 1))": -0.04, "((2, 0), (-1, 0))": -0.07540983606557378, "((2, 0), (0, -1))": -0.07540983606557378, "((3, 0), (1, 0))": -0.05573770491803287, "((3, 0), (0, 1))": -1.9836065573770492, "((3, 0), (-1, 0))": 0.0, "((3, 0), (0, -1))": 0.0, "((2, 1), (1, 0))": -1.0236065573770492, "((2, 1), (0, 1))": 8.911337330889223, "((2, 1), (-1, 0))": -0.12438241206310063, "((2, 1), (0, -1))": -1.007741935483871, "((0, 1), (1, 0))": -0.10580645161290324, "((0, 1), (0, 1))": 7.739425012184643, "((0, 1), (-1, 0))": -0.10580645161290324, "((0, 1), (0, -1))": -0.1057900752290135, "((0, 2), (1, 0))": 8.598763590296656, "((0, 2), (0, 1))": -0.07483870967741937, "((0, 2), (-1, 0))": -0.07483870967741937, "((0, 2), (0, -1))": -0.10684082496033846, "((1, 2), (1, 0))": 9.584214953099918, "((1, 2), (0, 1))": -0.05822582487491296, "((1, 2), (-1, 0))": -0.0627615312674697, "((1, 2), (0, -1))": -0.04784627788228957, "((2, 2), (1, 0))": 9.686957712632031, "((2, 2), (0, 1))": -0.07915756182092223, "((2, 2), (-1, 0))": -0.08263438493340242, "((2, 2), (0, -1))": -0.07540983606557378}, "n": {"((0, 0), (1, 0))": 8.0, "((0, 0), (0, 1))": 123.0, "((0, 0), (-1, 0))": 4.0, "((0, 0), (0, -1))": 4.0, "((1, 0), (1, 0))": 6.0, "((1, 0), (0, 1))": 4.0, "((1, 0), (-1, 0))": 22.0, "((1, 0), (0, -1))": 2.0, "((2, 0), (1, 0))": 4.0, "((2, 0), (0, 1))": 2.0, "((2, 0), (-1, 0))": 2.0, "((2, 0), (0, -1))": 2.0, "((3, 0), (1, 0))": 2.0, "((3, 0), (0, 1))": 2.0, "((3, 0), (-1, 0))": 0.0, "((3, 0), (0, -1))": 0.0, "((2, 1), (1, 0))": 2.0, "((2, 1), (0, 1))": 21.0, "((2, 1), (-1, 0))": 5.0, "((2, 1), (0, -1))": 3.0, "((0, 1), (1, 0))": 4.0, "((0, 1), (0, 1))": 147.0, "((0, 1), (-1, 0))": 4.0, "((0, 1), (0, -1))": 3.0, "((0, 2), (1, 0))": 129.0, "((0, 2), (0, 1))": 3.0, "((0, 2), (-1, 0))": 3.0, "((0, 2), (0, -1))": 2.0, "((1, 2), (1, 0))": 132.0, "((1, 2), (0, 1))": 13.0, "((1, 2), (-1, 0))": 17.0, "((1, 2), (0, -1))": 2.0, "((2, 2), (1, 0))": 126.0, "((2, 2), (0, 1))": 5.0, "((2, 2), (-1, 0))": 9.0, "((2, 2), (0, -1))": 2.0}, "r": {"(0, 0)": [0, -0.04], "(1, 0)": [-0.04], "(2, 0)": [-0.04], "(3, 0)": [-0.04], "None": [1.0, -1.0], "(2, 1)": [-0.04], "(0, 1)": [-0.04], "(0, 2)": [-0.04], "(1, 2)": [-0.04], "(2, 2)": [-0.04]}}