{"q": {"((0, 0), (1, 0))": 0.0, "((0, 0), (0, 1))": 0.4496557702334051, "((0, 0), (-1, 0))": 0.006096930050760202, "((0, 0), (0, -1))": 0.03159789320153524, "((1, 0), (1, 0))": -0.04, "((1, 0), (0, 1))": -0.04, "((1, 0), (-1, 0))": 0.3773763909319484, "((1, 0), (0, -1))": 0.10657302180451556, "((2, 0), (1, 0))": -0.04, "((2, 0), (0, 1))": 0.07492030555061296, "((2, 0), (-1, 0))": 0.2930982499055825, "((2, 0), (0, -1))": 0.04374408528967882, "((2, 1), (1, 0))": -1.0, "((2, 1), (0, 1))": -1.0, "((2, 1), (-1, 0))": 0.07733656814375017, "((2, 1), (0, -1))": 0.19430339371794036, "((3, 0), (1, 0))": -0.10000000000000009, "((3, 0), (0, 1))": -1.0, "((3, 0), (-1, 0))": 0.0, "((3, 0), (0, -1))": 0.0, "((2, 2), (1, 0))": 1.0, "((2, 2), (0, 1))": 0.4005440007944111, "((2, 2), (-1, 0))": 0.46041872229296277, "((2, 2), (0, -1))": 0.44431648881125385, "((0, 1), (1, 0))": -0.04, "((0, 1), (0, 1))": 0.5131150949307601, "((0, 1), (-1, 0))": 0.285819825830963, "((0, 1), (0, -1))": 0.2661531098932666, "((0, 2), (1, 0))": 0.674861025932719, "((0, 2), (0, 1))": 0.31559930093318916, "((0, 2), (-1, 0))": 0.36519734929249853, "((0, 2), (0, -1))": 0.3546585833256829, "((1, 2), (1, 0))": 0.8452257434221724, "((1, 2), (0, 1))": 0.4435615005470143, "((1, 2), (-1, 0))": 0.4272035702533394, "((1, 2), (0, -1))": 0.4575934291995919}, "n": {"((0, 0), (1, 0))": 5.0, "((0, 0), (0, 1))": 257.0, "((0, 0), (-1, 0))": 32.0, "((0, 0), (0, -1))": 13.0, "((1, 0), (1, 0))": 5.0, "((1, 0), (0, 1))": 5.0, "((1, 0), (-1, 0))": 48.0, "((1, 0), (0, -1))": 5.0, "((2, 0), (1, 0))": 5.0, "((2, 0), (0, 1))": 10.0, "((2, 0), (-1, 0))": 18.0, "((2, 0), (0, -1))": 12.0, "((2, 1), (1, 0))": 5.0, "((2, 1), (0, 1))": 15.0, "((2, 1), (-1, 0))": 12.0, "((2, 1), (0, -1))": 26.0, "((3, 0), (1, 0))": 5.0, "((3, 0), (0, 1))": 1.0, "((3, 0), (-1, 0))": 0.0, "((3, 0), (0, -1))": 0.0, "((2, 2), (1, 0))": 234.0, "((2, 2), (0, 1))": 11.0, "((2, 2), (-1, 0))": 9.0, "((2, 2), (0, -1))": 7.0, "((0, 1), (1, 0))": 5.0, "((0, 1), (0, 1))": 319.0, "((0, 1), (-1, 0))": 8.0, "((0, 1), (0, -1))": 7.0, "((0, 2), (1, 0))": 254.0, "((0, 2), (0, 1))": 12.0, "((0, 2), (-1, 0))": 8.0, "((0, 2), (0, -1))": 7.0, "((1, 2), (1, 0))": 264.0, "((1, 2), (0, 1))": 8.0, "((1, 2), (-1, 0))": 6.0, "((1, 2), (0, -1))": 8.0}}