{"q": {"((0, 0), (1, 0))": -0.9278844943175986, "((0, 0), (0, 1))": -1.0, "((0, 0), (-1, 0))": -1.8566644002921104, "((0, 0), (0, -1))": -1.827956989247312, "((0, 1), (1, 0))": 0.0, "((0, 1), (0, 1))": -1.0, "((0, 1), (-1, 0))": 0.0, "((0, 1), (0, -1))": -1.0, "((0, 2), (1, 0))": 0.0, "((0, 2), (0, 1))": -1.0, "((0, 2), (-1, 0))": 0.0, "((0, 2), (0, -1))": -1.0, "((0, 3), (1, 0))": 0.0, "((0, 3), (0, 1))": -1.0, "((0, 3), (-1, 0))": -1.0, "((0, 3), (0, -1))": 0.0, "((0, 4), (1, 0))": 0.0, "((0, 4), (0, 1))": -1.0, "((0, 4), (-1, 0))": 0.0, "((0, 4), (0, -1))": 0.0, "((0, 5), (1, 0))": -1.0, "((0, 5), (0, 1))": 0.0, "((0, 5), (-1, 0))": -1.0, "((0, 5), (0, -1))": 0.0, "((1, 5), (1, 0))": -1.0, "((1, 5), (0, 1))": 0.0, "((1, 5), (-1, 0))": 0.0, "((1, 5), (0, -1))": 0.0, "((2, 5), (1, 0))": 0.0, "((2, 5), (0, 1))": -1.0, "((2, 5), (-1, 0))": 0.0, "((2, 5), (0, -1))": 0.0, "((2, 6), (1, 0))": 0.0, "((2, 6), (0, 1))": -1.0, "((2, 6), (-1, 0))": -1.0, "((2, 6), (0, -1))": -1.0, "((1, 6), (1, 0))": -1.0, "((1, 6), (0, 1))": 0.0, "((1, 6), (-1, 0))": 0.0, "((1, 6), (0, -1))": 0.0, "((2, 7), (1, 0))": -1.0, "((2, 7), (0, 1))": 0.0, "((2, 7), (-1, 0))": 0.0, "((2, 7), (0, -1))": 0.0, "((3, 7), (1, 0))": -1.0, "((3, 7), (0, 1))": 0.0, "((3, 7), (-1, 0))": -1.0, "((3, 7), (0, -1))": 0.0, "((4, 7), (1, 0))": -1.0, "((4, 7), (0, 1))": 0.0, "((4, 7), (-1, 0))": 0.0, "((4, 7), (0, -1))": 0.0, "((5, 7), (1, 0))": 0.0, "((5, 7), (0, 1))": 0.0, "((5, 7), (-1, 0))": 0.0, "((5, 7), (0, -1))": -1.0, "((5, 6), (1, 0))": -1.0, "((5, 6), (0, 1))": 0.0, "((5, 6), (-1, 0))": 0.0, "((5, 6), (0, -1))": 0.0, "((6, 6), (1, 0))": 0.0, "((6, 6), (0, 1))": 0.0, "((6, 6), (-1, 0))": -10000.0, "((6, 6), (0, -1))": 0.0, "((1, 0), (1, 0))": -1.0, "((1, 0), (0, 1))": -1.0, "((1, 0), (-1, 0))": -1.055326475589412, "((1, 0), (0, -1))": 0.0, "((2, 0), (1, 0))": -1.0, "((2, 0), (0, 1))": -1.0, "((2, 0), (-1, 0))": -1.0, "((2, 0), (0, -1))": 0.0, "((2, 1), (1, 0))": -1.0, "((2, 1), (0, 1))": 0.0, "((2, 1), (-1, 0))": -1.0, "((2, 1), (0, -1))": -1.0, "((3, 1), (1, 0))": 0.0, "((3, 1), (0, 1))": 0.0, "((3, 1), (-1, 0))": -1.0, "((3, 1), (0, -1))": -1.0, "((3, 0), (1, 0))": 0.0, "((3, 0), (0, 1))": -1.0, "((3, 0), (-1, 0))": -1.0, "((3, 0), (0, -1))": -1.0, "((1, 1), (1, 0))": 0.0, "((1, 1), (0, 1))": 0.0, "((1, 1), (-1, 0))": -9842.337387625596, "((1, 1), (0, -1))": -470.4922349690805}, "n": {"((0, 0), (1, 0))": 6.0, "((0, 0), (0, 1))": 3.0, "((0, 0), (-1, 0))": 4.0, "((0, 0), (0, -1))": 4.0, "((0, 1), (1, 0))": 0.0, "((0, 1), (0, 1))": 2.0, "((0, 1), (-1, 0))": 0.0, "((0, 1), (0, -1))": 2.0, "((0, 2), (1, 0))": 0.0, "((0, 2), (0, 1))": 1.0, "((0, 2), (-1, 0))": 0.0, "((0, 2), (0, -1))": 1.0, "((0, 3), (1, 0))": 0.0, "((0, 3), (0, 1))": 1.0, "((0, 3), (-1, 0))": 2.0, "((0, 3), (0, -1))": 0.0, "((0, 4), (1, 0))": 0.0, "((0, 4), (0, 1))": 1.0, "((0, 4), (-1, 0))": 0.0, "((0, 4), (0, -1))": 0.0, "((0, 5), (1, 0))": 1.0, "((0, 5), (0, 1))": 0.0, "((0, 5), (-1, 0))": 1.0, "((0, 5), (0, -1))": 0.0, "((1, 5), (1, 0))": 1.0, "((1, 5), (0, 1))": 0.0, "((1, 5), (-1, 0))": 0.0, "((1, 5), (0, -1))": 0.0, "((2, 5), (1, 0))": 0.0, "((2, 5), (0, 1))": 2.0, "((2, 5), (-1, 0))": 0.0, "((2, 5), (0, -1))": 0.0, "((2, 6), (1, 0))": 0.0, "((2, 6), (0, 1))": 1.0, "((2, 6), (-1, 0))": 1.0, "((2, 6), (0, -1))": 1.0, "((1, 6), (1, 0))": 1.0, "((1, 6), (0, 1))": 0.0, "((1, 6), (-1, 0))": 0.0, "((1, 6), (0, -1))": 0.0, "((2, 7), (1, 0))": 2.0, "((2, 7), (0, 1))": 0.0, "((2, 7), (-1, 0))": 0.0, "((2, 7), (0, -1))": 0.0, "((3, 7), (1, 0))": 1.0, "((3, 7), (0, 1))": 0.0, "((3, 7), (-1, 0))": 1.0, "((3, 7), (0, -1))": 0.0, "((4, 7), (1, 0))": 1.0, "((4, 7), (0, 1))": 0.0, "((4, 7), (-1, 0))": 0.0, "((4, 7), (0, -1))": 0.0, "((5, 7), (1, 0))": 0.0, "((5, 7), (0, 1))": 0.0, "((5, 7), (-1, 0))": 0.0, "((5, 7), (0, -1))": 1.0, "((5, 6), (1, 0))": 1.0, "((5, 6), (0, 1))": 0.0, "((5, 6), (-1, 0))": 0.0, "((5, 6), (0, -1))": 0.0, "((6, 6), (1, 0))": 0.0, "((6, 6), (0, 1))": 0.0, "((6, 6), (-1, 0))": 1.0, "((6, 6), (0, -1))": 0.0, "((1, 0), (1, 0))": 1.0, "((1, 0), (0, 1))": 3.0, "((1, 0), (-1, 0))": 2.0, "((1, 0), (0, -1))": 0.0, "((2, 0), (1, 0))": 1.0, "((2, 0), (0, 1))": 2.0, "((2, 0), (-1, 0))": 1.0, "((2, 0), (0, -1))": 0.0, "((2, 1), (1, 0))": 1.0, "((2, 1), (0, 1))": 0.0, "((2, 1), (-1, 0))": 1.0, "((2, 1), (0, -1))": 2.0, "((3, 1), (1, 0))": 0.0, "((3, 1), (0, 1))": 0.0, "((3, 1), (-1, 0))": 1.0, "((3, 1), (0, -1))": 1.0, "((3, 0), (1, 0))": 0.0, "((3, 0), (0, 1))": 1.0, "((3, 0), (-1, 0))": 1.0, "((3, 0), (0, -1))": 2.0, "((1, 1), (1, 0))": 0.0, "((1, 1), (0, 1))": 0.0, "((1, 1), (-1, 0))": 3.0, "((1, 1), (0, -1))": 4.0}, "r": {"(0, 0)": [0, -1], "(0, 1)": [-1], "(0, 2)": [-1], "(0, 3)": [-1], "(0, 4)": [-1], "(0, 5)": [-1], "(1, 5)": [-1], "(2, 5)": [-1], "(2, 6)": [-1], "(1, 6)": [-1], "(2, 7)": [-1], "(3, 7)": [-1], "(4, 7)": [-1], "(5, 7)": [-1], "(5, 6)": [-1], "(6, 6)": [-1], "None": [-10000], "(1, 0)": [-1], "(2, 0)": [-1], "(2, 1)": [-1], "(3, 1)": [-1], "(3, 0)": [-1], "(1, 1)": [-1]}}