{"q": {"((0, 0), (1, 0))": -0.1885245901639344, "((0, 0), (0, 1))": -0.2642453444889325, "((0, 0), (-1, 0))": -0.18889267990074443, "((0, 0), (0, -1))": -0.25556122957147914, "((0, 1), (1, 0))": -0.2645161290322581, "((0, 1), (0, 1))": -0.26419883659439447, "((0, 1), (-1, 0))": -0.2692949416678358, "((0, 1), (0, -1))": -0.262955254942768, "((0, 2), (1, 0))": -0.10285563194077207, "((0, 2), (0, 1))": -0.19341672152732062, "((0, 2), (-1, 0))": -0.18973214285714285, "((0, 2), (0, -1))": -0.2645161290322581, "((1, 1), (1, 0))": -0.26468398239782426, "((1, 1), (0, 1))": -0.26581088688354004, "((1, 1), (-1, 0))": -0.2603686635944701, "((1, 1), (0, -1))": -0.3286415782600718, "((1, 0), (1, 0))": -0.26829805018679315, "((1, 0), (0, 1))": -0.26210646111705455, "((1, 0), (-1, 0))": -0.19, "((1, 0), (0, -1))": -0.2542645309944998, "((2, 0), (1, 0))": -0.1, "((2, 0), (0, 1))": -0.1, "((2, 0), (-1, 0))": -0.1885245901639344, "((2, 0), (0, -1))": -0.1, "((2, 1), (1, 0))": -0.1, "((2, 1), (0, 1))": -0.26689062080085996, "((2, 1), (-1, 0))": -0.1, "((2, 1), (0, -1))": -0.1, "((2, 2), (1, 0))": -0.1, "((2, 2), (0, 1))": -0.19, "((2, 2), (-1, 0))": -0.1, "((2, 2), (0, -1))": -0.1, "((1, 2), (1, 0))": -0.1885245901639344, "((1, 2), (0, 1))": -0.1885245901639344, "((1, 2), (-1, 0))": -0.260455069124424, "((1, 2), (0, -1))": -0.1885245901639344, "((3, 1), (1, 0))": -0.1, "((3, 1), (0, 1))": -0.1, "((3, 1), (-1, 0))": 0.0, "((3, 1), (0, -1))": 0.0, "((3, 2), (1, 0))": 0.0, "((3, 2), (0, 1))": 0.0, "((3, 2), (-1, 0))": -0.1, "((3, 2), (0, -1))": -0.1, "((2, 3), (1, 0))": 0.0, "((2, 3), (0, 1))": 0.0, "((2, 3), (-1, 0))": 0.0, "((2, 3), (0, -1))": -0.1, "((3, 3), (1, 0))": 0.0, "((3, 3), (0, 1))": 0.0, "((3, 3), (-1, 0))": -0.1, "((3, 3), (0, -1))": 0.0, "((4, 1), (1, 0))": 0.0, "((4, 1), (0, 1))": -164.03278688524733, "((4, 1), (-1, 0))": 0.0, "((4, 1), (0, -1))": 0.0, "((0, 3), (1, 0))": -0.1, "((0, 3), (0, 1))": -0.1885245901639344, "((0, 3), (-1, 0))": -0.1, "((0, 3), (0, -1))": -0.1, "((0, 4), (1, 0))": -164.03278688524733, "((0, 4), (0, 1))": 0.0, "((0, 4), (-1, 0))": -10000.0, "((0, 4), (0, -1))": -164.11845584347066, "((3, 0), (1, 0))": 0.0, "((3, 0), (0, 1))": -0.1, "((3, 0), (-1, 0))": 0.0, "((3, 0), (0, -1))": -0.1, "((4, 0), (1, 0))": 0.0, "((4, 0), (0, 1))": 0.0, "((4, 0), (-1, 0))": -164.03278688524733, "((4, 0), (0, -1))": 0.0, "((1, 3), (1, 0))": 0.0, "((1, 3), (0, 1))": -0.19, "((1, 3), (-1, 0))": 0.0, "((1, 3), (0, -1))": -0.1}, "n": {"((0, 0), (1, 0))": 2.0, "((0, 0), (0, 1))": 5.0, "((0, 0), (-1, 0))": 6.0, "((0, 0), (0, -1))": 3.0, "((0, 1), (1, 0))": 4.0, "((0, 1), (0, 1))": 3.0, "((0, 1), (-1, 0))": 4.0, "((0, 1), (0, -1))": 3.0, "((0, 2), (1, 0))": 3.0, "((0, 2), (0, 1))": 4.0, "((0, 2), (-1, 0))": 5.0, "((0, 2), (0, -1))": 4.0, "((1, 1), (1, 0))": 5.0, "((1, 1), (0, 1))": 3.0, "((1, 1), (-1, 0))": 4.0, "((1, 1), (0, -1))": 4.0, "((1, 0), (1, 0))": 3.0, "((1, 0), (0, 1))": 3.0, "((1, 0), (-1, 0))": 2.0, "((1, 0), (0, -1))": 4.0, "((2, 0), (1, 0))": 2.0, "((2, 0), (0, 1))": 1.0, "((2, 0), (-1, 0))": 2.0, "((2, 0), (0, -1))": 2.0, "((2, 1), (1, 0))": 2.0, "((2, 1), (0, 1))": 2.0, "((2, 1), (-1, 0))": 2.0, "((2, 1), (0, -1))": 2.0, "((2, 2), (1, 0))": 1.0, "((2, 2), (0, 1))": 2.0, "((2, 2), (-1, 0))": 1.0, "((2, 2), (0, -1))": 2.0, "((1, 2), (1, 0))": 2.0, "((1, 2), (0, 1))": 2.0, "((1, 2), (-1, 0))": 5.0, "((1, 2), (0, -1))": 2.0, "((3, 1), (1, 0))": 1.0, "((3, 1), (0, 1))": 2.0, "((3, 1), (-1, 0))": 0.0, "((3, 1), (0, -1))": 0.0, "((3, 2), (1, 0))": 0.0, "((3, 2), (0, 1))": 0.0, "((3, 2), (-1, 0))": 1.0, "((3, 2), (0, -1))": 1.0, "((2, 3), (1, 0))": 0.0, "((2, 3), (0, 1))": 0.0, "((2, 3), (-1, 0))": 0.0, "((2, 3), (0, -1))": 1.0, "((3, 3), (1, 0))": 0.0, "((3, 3), (0, 1))": 0.0, "((3, 3), (-1, 0))": 1.0, "((3, 3), (0, -1))": 0.0, "((4, 1), (1, 0))": 0.0, "((4, 1), (0, 1))": 2.0, "((4, 1), (-1, 0))": 0.0, "((4, 1), (0, -1))": 0.0, "((0, 3), (1, 0))": 3.0, "((0, 3), (0, 1))": 2.0, "((0, 3), (-1, 0))": 2.0, "((0, 3), (0, -1))": 3.0, "((0, 4), (1, 0))": 2.0, "((0, 4), (0, 1))": 0.0, "((0, 4), (-1, 0))": 1.0, "((0, 4), (0, -1))": 2.0, "((3, 0), (1, 0))": 0.0, "((3, 0), (0, 1))": 1.0, "((3, 0), (-1, 0))": 0.0, "((3, 0), (0, -1))": 1.0, "((4, 0), (1, 0))": 0.0, "((4, 0), (0, 1))": 0.0, "((4, 0), (-1, 0))": 2.0, "((4, 0), (0, -1))": 0.0, "((1, 3), (1, 0))": 0.0, "((1, 3), (0, 1))": 1.0, "((1, 3), (-1, 0))": 0.0, "((1, 3), (0, -1))": 1.0}, "r": {"(0, 0)": [0, -0.1], "(0, 1)": [-0.1], "(0, 2)": [-0.1], "(1, 1)": [-0.1], "(1, 0)": [-0.1], "(2, 0)": [-0.1], "(2, 1)": [-0.1], "(2, 2)": [-0.1], "(1, 2)": [-0.1], "(3, 1)": [-0.1], "(3, 2)": [-0.1], "(2, 3)": [-0.1], "(3, 3)": [-0.1], "(4, 1)": [-0.1], "None": [-10000], "(0, 3)": [-0.1], "(0, 4)": [-0.1], "(3, 0)": [-0.1], "(4, 0)": [-0.1], "(1, 3)": [-0.1]}}