{"q": {"((0, 0), (1, 0))": 254.7055312401027, "((0, 0), (0, 1))": 8.467435280128774, "((0, 0), (-1, 0))": 3.9780596613813493, "((0, 0), (0, -1))": 3.7368224748140313, "((0, 1), (1, 0))": 5.177593003354978, "((0, 1), (0, 1))": 6.150802943944795, "((0, 1), (-1, 0))": 1.2970637672833236, "((0, 1), (0, -1))": 111.14553813914861, "((1, 1), (1, 0))": 3.439, "((1, 1), (0, 1))": 1.8852459016393441, "((1, 1), (-1, 0))": 1.2460631800114328, "((1, 1), (0, -1))": 44.276570386158696, "((2, 1), (1, 0))": 1.8852459016393441, "((2, 1), (0, 1))": 2.69672131147541, "((2, 1), (-1, 0))": 6.023916581564095, "((2, 1), (0, -1))": 1.8852459016393441, "((2, 0), (1, 0))": 0.0, "((2, 0), (0, 1))": 2.69672131147541, "((2, 0), (-1, 0))": 1.0, "((2, 0), (0, -1))": 11916.87042805649, "((1, 0), (1, 0))": 3454.3596058717962, "((1, 0), (0, 1))": 3.527246726578592, "((1, 0), (-1, 0))": 9.289149246205472, "((1, 0), (0, -1))": 9.389623920025048, "((3, 1), (1, 0))": 0.0, "((3, 1), (0, 1))": 4.548920129878713, "((3, 1), (-1, 0))": 3.399016393442623, "((3, 1), (0, -1))": 0.0, "((3, 2), (1, 0))": 1.0, "((3, 2), (0, 1))": 0.0, "((3, 2), (-1, 0))": 0.0, "((3, 2), (0, -1))": 4.008965331900027, "((2, 2), (1, 0))": 1.9, "((2, 2), (0, 1))": 1.9, "((2, 2), (-1, 0))": 1.039983606557377, "((2, 2), (0, -1))": 0.0, "((3, 0), (1, 0))": 27150.5634569815, "((3, 0), (0, 1))": 0.0, "((3, 0), (-1, 0))": 0.0, "((3, 0), (0, -1))": 0.0, "((1, 2), (1, 0))": 0.0, "((1, 2), (0, 1))": 2.71, "((1, 2), (-1, 0))": 0.0, "((1, 2), (0, -1))": 4.1306980222104706, "((0, 2), (1, 0))": 5.662493101316851, "((0, 2), (0, 1))": 0.0, "((0, 2), (-1, 0))": 0.0, "((0, 2), (0, -1))": 9.345182530573005, "((2, 3), (1, 0))": 0.0, "((2, 3), (0, 1))": 1.0, "((2, 3), (-1, 0))": 0.0, "((2, 3), (0, -1))": 0.0, "((2, 4), (1, 0))": 1.0, "((2, 4), (0, 1))": 0.0, "((2, 4), (-1, 0))": 0.0, "((2, 4), (0, -1))": 2.71, "((2, 5), (1, 0))": 0.0, "((2, 5), (0, 1))": 0.0, "((2, 5), (-1, 0))": 2.69672131147541, "((2, 5), (0, -1))": 1.0, "((1, 5), (1, 0))": 1.8852459016393441, "((1, 5), (0, 1))": 1.0, "((1, 5), (-1, 0))": 0.0, "((1, 5), (0, -1))": 0.0, "((1, 4), (1, 0))": 1.9, "((1, 4), (0, 1))": 0.0, "((1, 4), (-1, 0))": 1.9, "((1, 4), (0, -1))": 0.0, "((0, 5), (1, 0))": 1.0, "((0, 5), (0, 1))": 0.0, "((0, 5), (-1, 0))": 0.0, "((0, 5), (0, -1))": 0.0, "((0, 6), (1, 0))": 0.0, "((0, 6), (0, 1))": 2.681967213114754, "((0, 6), (-1, 0))": 1.8852459016393441, "((0, 6), (0, -1))": 0.0, "((0, 7), (1, 0))": 0.0, "((0, 7), (0, 1))": 1.0, "((0, 7), (-1, 0))": 3.439, "((0, 7), (0, -1))": 1.9, "((0, 8), (1, 0))": 0.0, "((0, 8), (0, 1))": 1.0, "((0, 8), (-1, 0))": 0.0, "((0, 8), (0, -1))": 2.71, "((0, 9), (1, 0))": 0.0, "((0, 9), (0, 1))": 1.0, "((0, 9), (-1, 0))": 0.0, "((0, 9), (0, -1))": 0.0, "((0, 10), (1, 0))": 0.0, "((0, 10), (0, 1))": 1.0, "((0, 10), (-1, 0))": 0.0, "((0, 10), (0, -1))": 0.0, "((0, 11), (1, 0))": 1.0, "((0, 11), (0, 1))": 0.0, "((0, 11), (-1, 0))": 0.0, "((0, 11), (0, -1))": 0.0, "((1, 11), (1, 0))": 0.0, "((1, 11), (0, 1))": 1.0, "((1, 11), (-1, 0))": 0.0, "((1, 11), (0, -1))": 0.0, "((1, 12), (1, 0))": 0.0, "((1, 12), (0, 1))": 1.0, "((1, 12), (-1, 0))": 1.0, "((1, 12), (0, -1))": 0.0, "((0, 12), (1, 0))": 1.9, "((0, 12), (0, 1))": 0.0, "((0, 12), (-1, 0))": 0.0, "((0, 12), (0, -1))": 0.0, "((1, 13), (1, 0))": 0.0, "((1, 13), (0, 1))": 2.71, "((1, 13), (-1, 0))": 0.0, "((1, 13), (0, -1))": 1.0, "((0, 13), (1, 0))": 4.084344262295081, "((0, 13), (0, 1))": 2.681967213114754, "((0, 13), (-1, 0))": 4.028733170930464, "((0, 13), (0, -1))": 1.0, "((0, 14), (1, 0))": 3.4137704918032785, "((0, 14), (0, 1))": 1.0, "((0, 14), (-1, 0))": 4.063141195134849, "((0, 14), (0, -1))": 1.0147540983606558, "((0, 15), (1, 0))": 4.039582231623481, "((0, 15), (0, 1))": 0.0, "((0, 15), (-1, 0))": 1.0, "((0, 15), (0, -1))": 3.439, "((0, 16), (1, 0))": 1.0, "((0, 16), (0, 1))": 0.0, "((0, 16), (-1, 0))": 3.3773135906927556, "((0, 16), (0, -1))": 1.913061005106154, "((0, 17), (1, 0))": 0.0, "((0, 17), (0, 1))": 1.0, "((0, 17), (-1, 0))": 0.0, "((0, 17), (0, -1))": 0.0, "((1, 17), (1, 0))": 0.0, "((1, 17), (0, 1))": 0.0, "((1, 17), (-1, 0))": 0.0, "((1, 17), (0, -1))": 1.0, "((1, 16), (1, 0))": 0.0, "((1, 16), (0, 1))": 0.0, "((1, 16), (-1, 0))": 0.0, "((1, 16), (0, -1))": 1.0, "((1, 15), (1, 0))": 0.0, "((1, 15), (0, 1))": 0.0, "((1, 15), (-1, 0))": 0.0, "((1, 15), (0, -1))": 4.635624008461132, "((1, 14), (1, 0))": 0.0, "((1, 14), (0, 1))": 4.084344262295081, "((1, 14), (-1, 0))": 0.0, "((1, 14), (0, -1))": 1.9, "((4, 2), (1, 0))": 0.0, "((4, 2), (0, 1))": 0.0, "((4, 2), (-1, 0))": 0.0, "((4, 2), (0, -1))": 1.0, "((4, 1), (1, 0))": 1.0, "((4, 1), (0, 1))": 0.0, "((4, 1), (-1, 0))": 0.0, "((4, 1), (0, -1))": 0.0, "((5, 1), (1, 0))": 0.0, "((5, 1), (0, 1))": 0.0, "((5, 1), (-1, 0))": 1.0, "((5, 1), (0, -1))": 0.0, "((5, 0), (1, 0))": 0.0, "((5, 0), (0, 1))": 0.0, "((5, 0), (-1, 0))": 0.0, "((5, 0), (0, -1))": -10000.0}, "n": {"((0, 0), (1, 0))": 67.0, "((0, 0), (0, 1))": 5.0, "((0, 0), (-1, 0))": 2.0, "((0, 0), (0, -1))": 7.0, "((0, 1), (1, 0))": 3.0, "((0, 1), (0, 1))": 2.0, "((0, 1), (-1, 0))": 5.0, "((0, 1), (0, -1))": 25.0, "((1, 1), (1, 0))": 2.0, "((1, 1), (0, 1))": 2.0, "((1, 1), (-1, 0))": 4.0, "((1, 1), (0, -1))": 25.0, "((2, 1), (1, 0))": 2.0, "((2, 1), (0, 1))": 2.0, "((2, 1), (-1, 0))": 4.0, "((2, 1), (0, -1))": 2.0, "((2, 0), (1, 0))": 0.0, "((2, 0), (0, 1))": 1.0, "((2, 0), (-1, 0))": 1.0, "((2, 0), (0, -1))": 36.0, "((1, 0), (1, 0))": 31.0, "((1, 0), (0, 1))": 2.0, "((1, 0), (-1, 0))": 63.0, "((1, 0), (0, -1))": 4.0, "((3, 1), (1, 0))": 0.0, "((3, 1), (0, 1))": 2.0, "((3, 1), (-1, 0))": 2.0, "((3, 1), (0, -1))": 0.0, "((3, 2), (1, 0))": 1.0, "((3, 2), (0, 1))": 0.0, "((3, 2), (-1, 0))": 0.0, "((3, 2), (0, -1))": 2.0, "((2, 2), (1, 0))": 1.0, "((2, 2), (0, 1))": 1.0, "((2, 2), (-1, 0))": 2.0, "((2, 2), (0, -1))": 0.0, "((3, 0), (1, 0))": 11.0, "((3, 0), (0, 1))": 0.0, "((3, 0), (-1, 0))": 0.0, "((3, 0), (0, -1))": 0.0, "((1, 2), (1, 0))": 0.0, "((1, 2), (0, 1))": 1.0, "((1, 2), (-1, 0))": 0.0, "((1, 2), (0, -1))": 3.0, "((0, 2), (1, 0))": 2.0, "((0, 2), (0, 1))": 0.0, "((0, 2), (-1, 0))": 0.0, "((0, 2), (0, -1))": 2.0, "((2, 3), (1, 0))": 0.0, "((2, 3), (0, 1))": 1.0, "((2, 3), (-1, 0))": 0.0, "((2, 3), (0, -1))": 0.0, "((2, 4), (1, 0))": 1.0, "((2, 4), (0, 1))": 0.0, "((2, 4), (-1, 0))": 0.0, "((2, 4), (0, -1))": 1.0, "((2, 5), (1, 0))": 0.0, "((2, 5), (0, 1))": 0.0, "((2, 5), (-1, 0))": 1.0, "((2, 5), (0, -1))": 1.0, "((1, 5), (1, 0))": 2.0, "((1, 5), (0, 1))": 1.0, "((1, 5), (-1, 0))": 0.0, "((1, 5), (0, -1))": 0.0, "((1, 4), (1, 0))": 1.0, "((1, 4), (0, 1))": 0.0, "((1, 4), (-1, 0))": 1.0, "((1, 4), (0, -1))": 0.0, "((0, 5), (1, 0))": 1.0, "((0, 5), (0, 1))": 0.0, "((0, 5), (-1, 0))": 0.0, "((0, 5), (0, -1))": 0.0, "((0, 6), (1, 0))": 0.0, "((0, 6), (0, 1))": 2.0, "((0, 6), (-1, 0))": 2.0, "((0, 6), (0, -1))": 0.0, "((0, 7), (1, 0))": 0.0, "((0, 7), (0, 1))": 1.0, "((0, 7), (-1, 0))": 1.0, "((0, 7), (0, -1))": 1.0, "((0, 8), (1, 0))": 0.0, "((0, 8), (0, 1))": 1.0, "((0, 8), (-1, 0))": 0.0, "((0, 8), (0, -1))": 1.0, "((0, 9), (1, 0))": 0.0, "((0, 9), (0, 1))": 1.0, "((0, 9), (-1, 0))": 0.0, "((0, 9), (0, -1))": 0.0, "((0, 10), (1, 0))": 0.0, "((0, 10), (0, 1))": 1.0, "((0, 10), (-1, 0))": 0.0, "((0, 10), (0, -1))": 0.0, "((0, 11), (1, 0))": 1.0, "((0, 11), (0, 1))": 0.0, "((0, 11), (-1, 0))": 0.0, "((0, 11), (0, -1))": 0.0, "((1, 11), (1, 0))": 0.0, "((1, 11), (0, 1))": 1.0, "((1, 11), (-1, 0))": 0.0, "((1, 11), (0, -1))": 0.0, "((1, 12), (1, 0))": 0.0, "((1, 12), (0, 1))": 1.0, "((1, 12), (-1, 0))": 1.0, "((1, 12), (0, -1))": 0.0, "((0, 12), (1, 0))": 1.0, "((0, 12), (0, 1))": 0.0, "((0, 12), (-1, 0))": 0.0, "((0, 12), (0, -1))": 0.0, "((1, 13), (1, 0))": 0.0, "((1, 13), (0, 1))": 1.0, "((1, 13), (-1, 0))": 0.0, "((1, 13), (0, -1))": 1.0, "((0, 13), (1, 0))": 1.0, "((0, 13), (0, 1))": 2.0, "((0, 13), (-1, 0))": 3.0, "((0, 13), (0, -1))": 1.0, "((0, 14), (1, 0))": 1.0, "((0, 14), (0, 1))": 1.0, "((0, 14), (-1, 0))": 3.0, "((0, 14), (0, -1))": 2.0,