{"q": {"((0, 0), (1, 0))": 5669.104798998503, "((0, 0), (0, 1))": 8.467435280128774, "((0, 0), (-1, 0))": 3.9780596613813493, "((0, 0), (0, -1))": 3.7368224748140313, "((0, 1), (1, 0))": 5.177593003354978, "((0, 1), (0, 1))": 6.150802943944795, "((0, 1), (-1, 0))": 1.2970637672833236, "((0, 1), (0, -1))": 4977.491592177334, "((1, 1), (1, 0))": 3.439, "((1, 1), (0, 1))": 1.8852459016393441, "((1, 1), (-1, 0))": 1.2460631800114328, "((1, 1), (0, -1))": 5694.399069661716, "((2, 1), (1, 0))": 1.8852459016393441, "((2, 1), (0, 1))": 2.69672131147541, "((2, 1), (-1, 0))": 5844.444344345388, "((2, 1), (0, -1))": 1.8852459016393441, "((2, 0), (1, 0))": 0.0, "((2, 0), (0, 1))": 2.69672131147541, "((2, 0), (-1, 0))": 1.0, "((2, 0), (0, -1))": 8553.492354749153, "((1, 0), (1, 0))": 6893.933311415423, "((1, 0), (0, 1))": 3.527246726578592, "((1, 0), (-1, 0))": 9.289149246205472, "((1, 0), (0, -1))": 9.389623920025048, "((3, 1), (1, 0))": 3316.6656654467756, "((3, 1), (0, 1))": 4.548920129878713, "((3, 1), (-1, 0))": 3.399016393442623, "((3, 1), (0, -1))": 4094.4685305113676, "((3, 2), (1, 0))": 1.0, "((3, 2), (0, 1))": 9660.297199944287, "((3, 2), (-1, 0))": 8.263222536000502, "((3, 2), (0, -1))": 4.008965331900027, "((2, 2), (1, 0))": 8346.056689362824, "((2, 2), (0, 1))": 5.621833885914851, "((2, 2), (-1, 0))": 1.039983606557377, "((2, 2), (0, -1))": 8.128936047761847, "((3, 0), (1, 0))": 15127.404214810575, "((3, 0), (0, 1))": 0.0, "((3, 0), (-1, 0))": 0.0, "((3, 0), (0, -1))": 0.0, "((1, 2), (1, 0))": 8.715889430098041, "((1, 2), (0, 1))": 5.204293834088999, "((1, 2), (-1, 0))": 4597.3155754263125, "((1, 2), (0, -1))": 4.1306980222104706, "((0, 2), (1, 0))": 5.662493101316851, "((0, 2), (0, 1))": 9.410664277515705, "((0, 2), (-1, 0))": 3823.483606062591, "((0, 2), (0, -1))": 9.345182530573005, "((2, 3), (1, 0))": 7180.629293912286, "((2, 3), (0, 1))": 1.0, "((2, 3), (-1, 0))": 4.711151327690668, "((2, 3), (0, -1))": 8418.941553609775, "((2, 4), (1, 0))": 1.8852459016393441, "((2, 4), (0, 1))": 6.059101589712693, "((2, 4), (-1, 0))": 615.5139205044834, "((2, 4), (0, -1))": 2.71, "((2, 5), (1, 0))": 0.0, "((2, 5), (0, 1))": 0.0, "((2, 5), (-1, 0))": 2.69672131147541, "((2, 5), (0, -1))": 2.6689062080086003, "((1, 5), (1, 0))": 1.8852459016393441, "((1, 5), (0, 1))": 1.0, "((1, 5), (-1, 0))": 6.703815922715408, "((1, 5), (0, -1))": 5.180547890352056, "((1, 4), (1, 0))": 5.600812886541164, "((1, 4), (0, 1))": 4.665154098360656, "((1, 4), (-1, 0))": 1.0147540983606558, "((1, 4), (0, -1))": 1953.3325436459763, "((0, 5), (1, 0))": 5.586058788180509, "((0, 5), (0, 1))": 6.346975724868585, "((0, 5), (-1, 0))": 406.3948566412302, "((0, 5), (0, -1))": 6.363810772222505, "((0, 6), (1, 0))": 6.633397330982916, "((0, 6), (0, 1))": 2.681967213114754, "((0, 6), (-1, 0))": 1.8852459016393441, "((0, 6), (0, -1))": 31.784217622790433, "((0, 7), (1, 0))": 0.0, "((0, 7), (0, 1))": 1.0, "((0, 7), (-1, 0))": 3.439, "((0, 7), (0, -1))": 1.9, "((0, 8), (1, 0))": 0.0, "((0, 8), (0, 1))": 1.0, "((0, 8), (-1, 0))": 0.0, "((0, 8), (0, -1))": 2.71, "((0, 9), (1, 0))": 0.0, "((0, 9), (0, 1))": 1.0, "((0, 9), (-1, 0))": 0.0, "((0, 9), (0, -1))": 0.0, "((0, 10), (1, 0))": 0.0, "((0, 10), (0, 1))": 1.0, "((0, 10), (-1, 0))": 0.0, "((0, 10), (0, -1))": 0.0, "((0, 11), (1, 0))": 1.0, "((0, 11), (0, 1))": 0.0, "((0, 11), (-1, 0))": 0.0, "((0, 11), (0, -1))": 0.0, "((1, 11), (1, 0))": 0.0, "((1, 11), (0, 1))": 1.0, "((1, 11), (-1, 0))": 0.0, "((1, 11), (0, -1))": 0.0, "((1, 12), (1, 0))": 0.0, "((1, 12), (0, 1))": 1.0, "((1, 12), (-1, 0))": 1.0, "((1, 12), (0, -1))": 0.0, "((0, 12), (1, 0))": 1.9, "((0, 12), (0, 1))": 0.0, "((0, 12), (-1, 0))": 0.0, "((0, 12), (0, -1))": 0.0, "((1, 13), (1, 0))": 0.0, "((1, 13), (0, 1))": 2.71, "((1, 13), (-1, 0))": 0.0, "((1, 13), (0, -1))": 1.0, "((0, 13), (1, 0))": 4.084344262295081, "((0, 13), (0, 1))": 2.681967213114754, "((0, 13), (-1, 0))": 4.028733170930464, "((0, 13), (0, -1))": 1.0, "((0, 14), (1, 0))": 3.4137704918032785, "((0, 14), (0, 1))": 1.0, "((0, 14), (-1, 0))": 4.063141195134849, "((0, 14), (0, -1))": 1.0147540983606558, "((0, 15), (1, 0))": 4.039582231623481, "((0, 15), (0, 1))": 0.0, "((0, 15), (-1, 0))": 1.0, "((0, 15), (0, -1))": 3.439, "((0, 16), (1, 0))": 1.0, "((0, 16), (0, 1))": 0.0, "((0, 16), (-1, 0))": 3.3773135906927556, "((0, 16), (0, -1))": 1.913061005106154, "((0, 17), (1, 0))": 0.0, "((0, 17), (0, 1))": 1.0, "((0, 17), (-1, 0))": 0.0, "((0, 17), (0, -1))": 0.0, "((1, 17), (1, 0))": 0.0, "((1, 17), (0, 1))": 0.0, "((1, 17), (-1, 0))": 0.0, "((1, 17), (0, -1))": 1.0, "((1, 16), (1, 0))": 0.0, "((1, 16), (0, 1))": 0.0, "((1, 16), (-1, 0))": 0.0, "((1, 16), (0, -1))": 1.0, "((1, 15), (1, 0))": 0.0, "((1, 15), (0, 1))": 0.0, "((1, 15), (-1, 0))": 0.0, "((1, 15), (0, -1))": 4.635624008461132, "((1, 14), (1, 0))": 0.0, "((1, 14), (0, 1))": 4.084344262295081, "((1, 14), (-1, 0))": 0.0, "((1, 14), (0, -1))": 1.9, "((4, 2), (1, 0))": 1.913061005106154, "((4, 2), (0, 1))": 8400.572731888918, "((4, 2), (-1, 0))": 0.0, "((4, 2), (0, -1))": 1.0, "((4, 1), (1, 0))": 1.8852459016393441, "((4, 1), (0, 1))": 3686.021677460231, "((4, 1), (-1, 0))": 117.92511616907996, "((4, 1), (0, -1))": 0.0, "((5, 1), (1, 0))": 0.0, "((5, 1), (0, 1))": 1.0, "((5, 1), (-1, 0))": 5.509467513313204, "((5, 1), (0, -1))": 182.3655731057088, "((5, 0), (1, 0))": 0.0, "((5, 0), (0, 1))": 0.0, "((5, 0), (-1, 0))": 0.0, "((5, 0), (0, -1))": 4196.62036056979, "((5, 2), (1, 0))": 0.0, "((5, 2), (0, 1))": 1.0, "((5, 2), (-1, 0))": 4090.808141527306, "((5, 2), (0, -1))": 0.0, "((6, 2), (1, 0))": 1.0, "((6, 2), (0, 1))": 0.0, "((6, 2), (-1, 0))": 0.0, "((6, 2), (0, -1))": 0.0, "((6, 3), (1, 0))": 0.0, "((6, 3), (0, 1))": 0.0, "((6, 3), (-1, 0))": 8375.318485254596, "((6, 3), (0, -1))": 0.0, "((3, 3), (1, 0))": 0.0, "((3, 3), (0, 1))": 0.0, "((3, 3), (-1, 0))": 14048.212200588587, "((3, 3), (0, -1))": 0.0, "((5, 3), (1, 0))": 6506.797181592225, "((5, 3), (0, 1))": 0.0, "((5, 3), (-1, 0))": 0.0, "((5, 3), (0, -1))": 8.660947942006743, "((4, 3), (1, 0))": 2.681967213114754, "((4, 3), (0, 1))": 4263.216884999392, "((4, 3), (-1, 0))": 0.0, "((4, 3), (0, -1))": 0.0, "((4, 4), (1, 0))": 1.0, "((4, 4), (0, 1))": 0.0, "((4, 4), (-1, 0))": 0.0, "((4, 4), (0, -1))": 4059.47980010055, "((5, 4), (1, 0))": 1.0, "((5, 4), (0, 1))": 234.01816659747396, "((5, 4), (-1, 0))": 3875.6671335239935, "((5, 4), (0, -1))": 0.0, "((6, 4), (1, 0))": 1.0, "((6, 4), (0, 1))": 0.0, "((6, 4), (-1, 0))": 0.0, "((6, 4), (0, -1))": 0.0, "((6, 5), (1, 0))": 0.0, "((6, 5), (0, 1))": 1.0, "((6, 5), (-1, 0))": 0.0, "((6, 5), (0, -1))": 0.0, "((7, 5), (1, 0))": 0.0, "((7, 5), (0, 1))": 0.0, "((7, 5), (-1, 0))": 1.0, "((7, 5), (0, -1))": 0.0, "((7, 6), (1, 0))": 0.0, "((7, 6), (0, 1))": 1.0, "((7, 6), (-1, 0))": 0.0, "((7, 6), (0, -1))": 0.0, "((7, 7), (1, 0))": 1.0, "((7, 7), (0, 1))": 0.0, "((7, 7), (-1, 0))": 0.0, "((7, 7), (0, -1))": 0.0, "((8, 7), (1, 0))": 1.0, "((8, 7), (0, 1))": 0.0, "((8, 7), (-1, 0))": 0.0, "((8, 7), (0, -1))": 0.0, "((9, 7), (1, 0))": 0.0, "((9, 7), (0, 1))": 0.0, "((9, 7), (-1, 0))": 0.0, "((9, 7), (0, -1))": 1.0, "((9, 6), (1, 0))": 4681.975247739771, "((9, 6), (0, 1))": 0.0, "((9, 6), (-1, 0))": 0.0, "((9, 6), (0, -1))": 0.0, "((1, 3), (1, 0))": 2.8105623030670204, "((1, 3), (0, 1))": 11.052525653965665, "((1, 3), (-1, 0))": 3.3742004837409296, "((1, 3), (0, -1))": 6002.687700933365, "((0, 3), (1, 0))": 4.001751247901806, "((0, 3), (0, 1))": 0.0, "((0, 3), (-1, 0))": 1173.3114481489702, "((0, 3), (0, -1))": 2.681967213114754, "((1, 6), (1, 0))": 5.6953279000000006, "((1, 6), (0, 1))": 1.8852459016393441, "((1, 6), (-1, 0))": 6.872187801197992, "((1, 6), (0, -1))": 5.678774819672132, "((0, 4), (1, 0))": 1692.919621148955, "((0, 4), (0, 1))": 3.3872614888470847, "((0, 4), (-1, 0))": 2.69672131147541, "((0, 4), (0, -1))": 5.188850777616181, "((3, 4), (1, 0))": 3409.4483637767194, "((3, 4), (0, 1))": 3.3626382824994168, "((3, 4), (-1, 0))": 3892.361804613717,